id,user_id,action,toxicity,threat,sexually_explicit,profanity,insult,identity_attack,flirtation,label
1,10,1,0.24020922,0.24222136,0.12463726,0.19517195,0.20234112,0.11223824,0.36565205,1
2,10,0,0.39972436,0.25706622,0.15388457,0.19719824,0.47048828,0.37150466,0.4298188,0
3,10,0,0.24034135,0.2807052,0.24838023,0.26612866,0.15532015,0.141388,0.50637203,0
4,10,1,0.16408938,0.08075487,0.085015036,0.17806362,0.16201644,0.06662389999999999,0.18509084,1
5,11,1,0.24020922,0.24222136,0.12463726,0.19517195,0.20234112,0.11223824,0.36565205,1
6,11,1,0.24034135,0.2807052,0.24838023,0.26612866,0.15532015,0.141388,0.50637203,1
7,11,0,0.98128605,0.71914434,0.97458434,0.9834801,0.9615530999999999,0.9423615,0.69901764,0
8,11,1,0.16408938,0.08075487,0.085015036,0.17806362,0.16201644,0.06662389999999999,0.18509084,1
