"user_id","w1","w2","w3","w4","w5"
1,1.3016374415273,0.250916916624811,0.903999295598745,0.732537669082155,1.18231644008952
2,1.09497215307768,0.181280269288684,0.824720048502561,0.690088348394811,1.17376876615594
3,1.59258770401302,0.297601445633253,0.845624648414937,0.384004186503689,1.26575569185063
